<?xml version="1.0" encoding="UTF-8"?>
<beans xmlns="http://www.springframework.org/schema/beans"
	xmlns:xsi="http://www.w3.org/2001/XMLSchema-instance" xmlns:context="http://www.springframework.org/schema/context"
	xmlns:mvc="http://www.springframework.org/schema/mvc"
	xsi:schemaLocation="http://www.springframework.org/schema/mvc http://www.springframework.org/schema/mvc/spring-mvc-3.2.xsd
		http://www.springframework.org/schema/beans http://www.springframework.org/schema/beans/spring-beans-3.2.xsd
		http://www.springframework.org/schema/context http://www.springframework.org/schema/context/spring-context-3.2.xsd">

	<!-- DispatcherServlet Context: defines this servlet's request-processing 
		infrastructure -->

	<!-- enable autowire -->
	<context:annotation-config />

	<!-- Enable component scanning and autowire -->
	<context:component-scan base-package="com.bluemobi" use-default-filters="false">
		<context:include-filter type="annotation" expression="org.springframework.stereotype.Controller" />
	</context:component-scan>

	<!-- Enables the Spring MVC @Controller programming model -->
	<mvc:annotation-driven>
		<mvc:message-converters register-defaults="true">
			<bean class="org.springframework.http.converter.json.MappingJacksonHttpMessageConverter">
				<property name="supportedMediaTypes">
					<list>
						<value>text/plain;charset=UTF-8</value>
						<value>application/json;charset=UTF-8</value>
					</list>
				</property>
				<!-- <property name="objectMapper" ref="objectMapper" /> -->
			</bean>
		</mvc:message-converters>
	</mvc:annotation-driven>

	<!-- Handles HTTP GET requests for /resources/** by efficiently serving 
		up static resources in the ${webappRoot}/resources directory -->
	<!--
	<mvc:resources mapping="/plugin/**" location="/plugin/" />
	<mvc:resources mapping="/images/**" location="/images/" />
	<mvc:resources mapping="/image/**" location="/image/" />
	<mvc:resources mapping="/upload/**" location="/upload/" />
	<mvc:resources mapping="/upload/**" location="upBigImg" />
	<mvc:resources mapping="/upload/**" location="/upDetailImg/" />
	<mvc:resources mapping="/videos/**" location="/videos/" />
	-->

	<!-- Resolves views selected for rendering by @Controllers to .jsp resources 
		in the /WEB-INF/views directory -->
	<bean class="org.springframework.web.servlet.view.UrlBasedViewResolver">
		<property name="viewClass" value="org.springframework.web.servlet.view.tiles2.TilesView" />
		<property name="order" value="0" />
	</bean>
	
	<!-- Resolves views selected for rendering by @Controllers to .jsp resources in the /WEB-INF/views directory -->
	<bean class="org.springframework.web.servlet.view.InternalResourceViewResolver">
		<property name="prefix" value="/WEB-INF/views/" />
		<property name="suffix" value=".jsp" />
		<property name="order" value="1"/>
	</bean>
    
	<!-- tiles springMVC -->
	<!--
	<bean class="org.springframework.web.servlet.view.tiles2.TilesConfigurer">
		<property name="definitions">
			<list>
				<value>classpath:resource/templates.xml</value>
			</list>
		</property>
	</bean>
	-->
	<!-- 缺少该配置，导致 文件上传异常-->
	<bean id="multipartResolver" class="org.springframework.web.multipart.commons.CommonsMultipartResolver" > 
		<property name="defaultEncoding" value="utf-8" />
		<property name="maxUploadSize" value="25474565" />
	 </bean>
 	
	<bean class="org.springframework.web.servlet.handler.SimpleMappingExceptionResolver">
		<property name="warnLogCategory" value="debug" />
		<property name="defaultErrorView" value="error" />
		<property name="defaultStatusCode" value="500" />
	</bean>
	
</beans>