<?xml version="1.0" encoding="UTF-8" ?>
<!DOCTYPE mapper PUBLIC "-//mybatis.org//DTD Mapper 3.0//EN" 
"http://mybatis.org/dtd/mybatis-3-mapper.dtd">

<mapper namespace="com.bluemobi.pro.service.impl.MemberService">

	<!-- 根据手机号查询用户信息 -->
	<select id="findMemeberByToken" parameterType="string" resultType="map">
		SELECT
			u.id,
			u.username,
			u.avatar,
			u.auth_token token,
			u.mobile
		FROM
			tb_user u
		WHERE
			u.auth_token = #{_parameter}
	</select>
	
	<!-- 新增用户信息 -->
	<insert id="insertUser" parameterType="map">
		INSERT INTO
			tb_user
		(
			username,
			avatar,
			auth_token,
			mobile
		)
		VALUES
		(
			#{username},
			#{avatar},
			#{token},
			#{mobile}
		)
	</insert>
	
	<!-- 发布新信息 -->
	<insert id="insertMessage" parameterType="map" useGeneratedKeys="true" keyProperty="id">
		INSERT INTO
			tb_message
		(
			from_user_id,
			content,
			code_url,
			link_url,
			to_username,
			to_mobile
		)
		VALUES
		(
			#{fromUserId},
			#{content},
			#{codeUrl},
			#{linkUrl},
			#{toUsername},
			#{toMobile}
		)
	</insert>
	
	<!-- 保存资源文件 -->
	<insert id="insertFile" parameterType="map">
		INSERT INTO
			tb_resource 
		(
			message_id,
			link_url,
			type
		)
		VALUES
		(
			#{messageId},
			#{linkUrl},
			#{type}
		)
	</insert>
	
	<!-- 
		查询信息
		param:
		- id : 无 ,查询列表
		- id : 有,查询单条
	 -->
	<select id="findMessage" parameterType="map" resultType="map">
		SELECT
			m.id,
			m.from_user_id fromUserId,
			u.username,
			u.mobile,
			u.avatar,
			m.content,
			m.code_url codeUrl,
			m.to_username toUsername,
			m.to_mobile toMobile
		FROM
			tb_message m
		LEFT JOIN
			tb_user u
		ON
			m.from_user_id = u.id
		WHERE
			1 = 1
		<if test="id != null and id != ''">
			AND 
				m.id = #{id}
		</if>
		<if test="codeUrl != null and codeUrl != ''">
			AND
				m.code_url = #{codeUrl}
		</if>
		<if test="toMobile != null and toMobile != ''">
			AND
				m.to_mobile = #{toMobile}
		</if>
		ORDER BY m.id DESC
		LIMIT 1
	</select>
	
	<!-- 查询资源列表 -->
	<select id="findResource" parameterType="map" resultType="map">
		SELECT
			link_url linkUrl,
			type
		FROM
			tb_resource
		WHERE
			message_id = #{id}
	</select>
</mapper>