﻿<?xml version="1.0" encoding="UTF-8"?>
<configuration>
	<property name="LOG_HOME" value="${cms_root}" />

	<appender name="stdout" class="ch.qos.logback.core.ConsoleAppender">
		<encoder charset="UTF-8">
			<pattern>%date [%thread] %-5level %logger{80} - %msg%n</pattern>
		</encoder>
	</appender>
	
	<appender name="rollingFile" class="ch.qos.logback.core.rolling.RollingFileAppender">
		<file>${LOG_HOME}/cms.log</file> 
		<filter class="ch.qos.logback.classic.filter.ThresholdFilter">
			<level>TRACE</level>
		</filter>
		<rollingPolicy class="ch.qos.logback.core.rolling.TimeBasedRollingPolicy">
			<fileNamePattern>${LOG_HOME}/cms-%d{yyyy-MM-dd}.log</fileNamePattern>
			<maxHistory>10</maxHistory>
		</rollingPolicy>
		<encoder>
			<pattern>%date %-5level %logger{80} - %msg%n</pattern>
			<charset>UTF-8</charset>
		</encoder>
	</appender>
	
	<!-- -->
	<root level="ERROR">
		<appender-ref ref="stdout" />
	</root>
	
	<logger name="com.bluemobi" level="ERROR" />
	<logger name="org.springframework" level="ERROR" />
	<logger name="org.springframework.web" level="ERROR" />
	<logger name="org.apache" level="ERROR" />
	<logger name="com.github.miemiedev" level="ERROR" />
	<logger name="org.mybatis.spring" level="ERROR" />
</configuration>